account_cluster_code;sku;title;brand;ean;stock_availability_max;lead_time
14864435;pfc328190;COLOR PERFECT SPECIAL MIX  0/43 SC;Color Perfect;7891182017671;90;20
14864402;pfc328135;COLOR PERFECT PURE NATURALS 6/0 SC;Color Perfect;7891182017442;90;20
14864389;pfc328125;BLONDOR FREELIGHTS DESCOLORANTE 800G;Blondor;4084500380752;90;20
14864403;pfc328160;COLOR PERFECT DEEP BROWNS 66/71 SC;Color Perfect;7891182017268;90;20
14864392;pfc328149;COLOR PERFECT VIBRANT REDS 7/4 SC;Color Perfect;7891182017985;90;20
14864386;pfc328124;BLONDOR DESCOLORANTE SOFT CREME 200G;Blondor;4015600218423;90;20
14864405;pfc328132;BLONDOR FREELIGHTS DEVELOPER 9% 1L;Blondor;8005610586922;90;20
14864391;pfc328147;COLOR PERFECT RICH NATURALS 6/1 SC;Color Perfect;7891182018159;90;20
14864436;pfc328191;COLOR PERFECT VIBRANT REDS 77/44 SC;Color Perfect;7891182018005;90;20
14864420;pfc328172;COLOR PERFECT RICH NATURALS 8/2 SC;Color Perfect;7891182018258;90;20
14864433;pfc328188;COLOR PERFECT DEEP BROWNS 88/71 SC;Color Perfect;7891182017367;90;20
14864396;pfc328152;COLOR PERFECT PURE NATURALS 9/0 SC;Color Perfect;7891182018098;90;20
14864390;pfc328148;CP RICH NT 6/1 DRK BLD ASH CC 60ML;Color Perfect;4015600145927;90;20
14864430;pfc328184;COLOR PERFECT VIBRANT REDS  55/46 24U SC;Color Perfect;7891182017879;90;20
14864407;pfc328165;COLOR PERFECT RICH NATURALS 7/2 SC;Color Perfect;7891182018203;90;20
14864385;pfc328123;BLONDOR MULTI BLONDE 400G SC;Blondor;7891182019774;90;20
14864406;pfc328162;COLOR PERFECT RICH NATURALS 7/3 SC;Color Perfect;7891182018210;90;20
14864423;pfc328176;COLOR PERFECT DEEP BROWNS 4/77 SC;Color Perfect;7891182017206;90;20
14864411;pfc328141;COLOR PERFECT SPECIAL BLOND 12/11 24U SC;Color Perfect;7891182017527;90;20
14864409;pfc328139;CP SP BLD 12/89 PEARL CNDR CC 60ML;Color Perfect;4015600131562;90;20
14864419;pfc328144;COLOR PERFECT RICH NATURALS 8/1 SC;Color Perfect;7891182018241;90;20
14864429;pfc328140;COLOR PERFECT PURE NATURALS 4/0 SC;Color Perfect;7891182017404;90;20
14864393;pfc328151;CP PURE NT DARK BROWN CC 3/0 60ML;Color Perfect;4015600145729;90;20
14864414;pfc328167;COLOR PERFECT DEEP BROWNS 7/73 SC;Color Perfect;7891182017305;90;20
14864427;pfc328138;COLOR PERFECT SPECIAL BLOND 12/89 24U SC;Color Perfect;7891182017534;90;20
14864412;pfc328142;COLOR PERFECT DEEP BROWNS 6/7 SC;Color Perfect;7891182017237;90;20
14864425;pfc328137;COLOR PERFECT PURE NATURALS 5/0 SC;Color Perfect;7891182017411;90;20
14864428;pfc328181;COLOR PERFECT VIBRANT REDS 6/4 SC;Color Perfect;7891182017947;90;20
14864395;pfc328126;BLONDOR FREELIGHTS POWDER 800GR;Blondor;3614226777881;90;20
14864437;pfc328156;COLOR PERFECT VIBRANT REDS 8/4 SC;Color Perfect;7891182018012;90;20
14864431;pfc328146;CP DP BRS 7/7 MED BLD BR CC 60ML;Color Perfect;4015600146351;90;20
14864394;pfc328150;COLOR PERFECT PURE NATURALS 3/0 SC;Color Perfect;7891182017398;90;20
14864408;pfc328136;COLOR PERFECT PURE NATURALS 8/0 SC;Color Perfect;7891182018050;90;20
14864400;pfc328159;COLOR PERFECT DEEP BROWNS 7/77 SC;Color Perfect;7891182017312;90;20
14864421;pfc328174;COLOR PERFECT VIBRANT REDS 66/46 SC;Color Perfect;7891182017961;90;20
14864424;pfc328134;COLOR PERFECT PURE NATURALS 7/0 SC;Color Perfect;7891182017466;90;20
14864417;pfc328145;COLOR PERFECT DEEP BROWNS 7/7 SC;Color Perfect;7891182017275;90;20
14864422;pfc328133;BLONDOR SEAL CARE 500ML;Blondor;8005610586687;90;20
14864418;pfc328170;COLOR PERFECT RICH NATURALS 9/1 SC;Color Perfect;7891182018289;90;20
14864398;pfc328130;BLONDOR FREELIGHTS 6% 1L;Blondor;8005610586892;90;20
14864404;pfc328128;BLONDOR FREELIGHTS 12% 1L;Blondor;8005610586861;90;20
14864410;pfc328163;CP RICH NT MED BLD GLD CC 7/3 60ML;Color Perfect;4015600146054;90;20
14864416;pfc328143;COLOR PERFECT RICH NATURALS 7/1 SC;Color Perfect;7891182018180;90;20
14864413;pfc328168;COLOR PERFECT SPECIAL BLOND 12/0 SC;Color Perfect;7891182017503;90;20
14864434;pfc328154;COLOR PERFECT DEEP BROWNS 6/77 SC;Color Perfect;7891182017251;90;20
14864387;pfc328122;BLONDOR MULTI BLONDE 800G SC;Blondor;7891182019767;90;20
14864432;pfc328187;COLOR PERFECT PURE NATURALS 7/07 SC;Color Perfect;7891182018043;90;20
14864399;pfc328153;COLOR PERFECT PURE NATURALS 7/01 SC;Color Perfect;7891182018029;90;20
14864426;pfc328178;COLOR PERFECT RICH NATURALS 8/3 SC;Color Perfect;7891182018265;90;20
14864453;pfc328205;COLOR PERFECT VIBRANT REDS 5/66 SC;Color Perfect;7891182017916;90;20
14864450;pfc328204;COLOR PERFECT PURE NATURALS 6/03 SC;Color Perfect;7891182017435;90;20
14864482;pfc328198;COLOR PERFECT PURE NATURALS 8/03 SC;Color Perfect;7891182018074;90;20
14864477;pfc328228;COLOR TOUCH RICH NATURALS 8/81 SC;Color Touch;7891182018852;90;20
14864460;pfc328183;COLOR PERFECT RICH NATURALS 6/2 SC;Color Perfect;7891182018166;90;20
14864484;pfc328242;COLOR TOUCH DEEP BROWNS 4/77 SC;Color Touch;7891182019033;90;20
14864462;pfc328215;COLOR PERFECT SPECIAL MIX  0/45 SC;Color Perfect;7891182017817;90;20
14864455;pfc328209;COLOR PERFECT VIBRANT REDS 66/44 SC;Color Perfect;7891182017954;90;20
14864464;pfc328217;COLOR PERFECT SPECIAL MIX  0/33 SC;Color Perfect;7891182017565;90;20
14864459;pfc328182;COLOR PERFECT RICH NATURALS 9/11 SC;Color Perfect;7891182018296;90;20
14864473;pfc328194;COLOR PERFECT RICH NATURALS 5/3 SC;Color Perfect;7891182018135;90;20
14864468;pfc328189;COLOR PERFECT VIBRANT REDS 6/45 SC;Color Perfect;7891182017930;90;20
14864439;pfc328158;COLOR PERFECT PURE NATURALS 2/0 SC;Color Perfect;7891182017381;90;20
14864476;pfc328193;COLOR PERFECT SPECIAL MIX  0/11 SC;Color Perfect;7891182017541;90;20
14864454;pfc328206;COLOR PERFECT DEEP BROWNS 8/7 SC;Color Perfect;7891182017336;90;20
14864470;pfc328222;COLOR TOUCH DEEP BROWNS  6/7 SC;Color Touch;7891182019026;90;20
14864475;pfc328195;COLOR PERFECT VIBRANT REDS 7/45 SC;Color Perfect;7891182017992;90;20
14864471;pfc328223;COLOR TOUCH PURE NATURALS 4/0 SC;Color Touch;7891182019286;90;20
14864449;pfc328171;COLOR PERFECT DEEP BROWNS 5/77 SC;Color Perfect;7891182017220;90;20
14864445;pfc328200;COLOR PERFECT DEEP BROWNS 5/73 SC;Color Perfect;7891182017213;90;20
14864485;pfc328233;COLOR TOUCH RICH NATURALS 7/89 SC;Color Touch;7891182018845;90;20
14864479;pfc328235;COLOR TOUCH DEEP BROWNS 7/73 SC;Color Touch;7891182019095;90;20
14864465;pfc328185;COLOR PERFECT RICH NATURALS 10/1 SC;Color Perfect;7891182018111;90;20
14864442;pfc328197;COLOR PERFECT SPECIAL MIX  0/66 SC;Color Perfect;7891182017824;90;20
14864441;pfc328157;COLOR PERFECT SPECIAL BLOND 12/1 SC;Color Perfect;7891182017510;90;20
14864446;pfc328203;COLOR PERFECT VIBRANT REDS 5/5 SC;Color Perfect;7891182017909;90;20
14864463;pfc328177;COLOR PERFECT PURE NATURALS 10/0 SC;Color Perfect;7891182017374;90;20
14864444;pfc328166;COLOR PERFECT DEEP BROWNS 6/73 SC;Color Perfect;7891182017244;90;20
14864438;pfc328155;COLOR PERFECT DEEP BROWNS 77/71 SC;Color Perfect;7891182017329;90;20
14864483;pfc328201;COLOR PERFECT PURE NATURALS 5/07 SC;Color Perfect;7891182017428;90;20
14864456;pfc328180;COLOR PERFECT RICH NATURALS 6/3 SC;Color Perfect;7891182018173;90;20
14864443;pfc328199;COLOR PERFECT RICH NATURALS 9/3 SC;Color Perfect;7891182018326;90;20
14864461;pfc328214;COLOR PERFECT VIBRANT REDS 44/55 SC;Color Perfect;7891182017886;90;20
14864448;pfc328161;CP DP BRS DRB IN BR CC 66/71 60ML;Color Perfect;4015600146375;90;20
14864474;pfc328192;COLOR PERFECT RICH NATURALS 7/37 SC;Color Perfect;7891182018227;90;20
14864440;pfc328164;COLOR PERFECT RICH NATURALS 9/8 SC;Color Perfect;7891182019750;90;20
14864481;pfc328196;COLOR PERFECT PURE NATURALS 7/03 SC;Color Perfect;7891182018036;90;20
14864467;pfc328218;COLOR TOUCH PURE NATURALS 6/0 SC;Color Touch;7891182019323;90;20
14864487;pfc328208;COLOR PERFECT RICH NATURALS 9/16 SC;Color Perfect;7891182018302;90;20
14864457;pfc328210;COLOR PERFECT VIBRANT REDS 5/4 SC;Color Perfect;7891182017893;90;20
14864447;pfc328202;COLOR PERFECT SPECIAL MIX  0/88 SC;Color Perfect;7891182017831;90;20
14864486;pfc328241;COLOR TOUCH PLUS 66/07 SC;Color Touch;7891182019170;90;20
14864480;pfc328238;COLOR TOUCH RICH NATURALS 6/3 SC;Color Touch;7891182018623;90;20
14864451;pfc328173;COLOR PERFECT RICH NATURALS 5/1 SC;Color Perfect;7891182018128;90;20
14864452;pfc328175;COLOR PERFECT RICH NATURALS 7/11 SC;Color Perfect;7891182018197;90;20
14864478;pfc328232;COLOR TOUCH DEEP BROWNS 6/77 SC;Color Touch;7891182019064;90;20
14864466;pfc328186;COLOR PERFECT PURE NATURALS 9/01 SC;Color Perfect;7891182018104;90;20
14864469;pfc328221;COLOR TOUCH PURE NATURALS 5/0 SC;Color Touch;7891182019309;90;20
14864458;pfc328179;COLOR PERFECT PURE NATURALS 6/07 SC;Color Perfect;7891182017459;90;20
14864511;pfc328263;COLOR TOUCH VIBRANT REDS 5/66 SC;Color Touch;7891182018951;90;20
14864489;pfc328213;COLOR PERFECT RICH NATURALS 5/37 SC;Color Perfect;7891182018142;90;20
14864535;pfc328256;COLOR TOUCH RICH NATURALS 5/3 SC;Color Touch;7891182018760;90;20
14864488;pfc328211;COLOR PERFECT DEEP BROWNS 8/73 SC;Color Perfect;7891182017350;90;20
14864512;pfc328264;COLOR TOUCH VIBRANT REDS 44/65 SC;Color Touch;7891182018982;90;20
14864505;pfc328224;COLOR TOUCH PURE NATURALS 2/0 SC;Color Touch;7891182019255;90;20
14864522;pfc328273;COLOR TOUCH PLUS 66/04 SC;Color Touch;7891182019163;90;20
14864529;pfc328246;COLOR TOUCH VIBRANT REDS 5/5 SC;Color Touch;7891182018944;90;20
14864533;pfc328290;ILLUMINA COLR 5/ 60ML;Illumina;4015600242831;90;20
14864495;pfc328250;COLOR TOUCH DEEP BROWNS 6/71 SC;Color Touch;7891182019057;90;20
14864517;pfc328231;COLOR TOUCH RICH NATURALS 7/3 SC;Color Touch;7891182018838;90;20
14864532;pfc328292;ILLUMINA COLR 9/60 60ML;Illumina;4015600243432;90;20
14864498;pfc328251;COLOR TOUCH RELIGHTS /86 SC;Color Touch;7891182018616;90;20
14864518;pfc328237;COLOR TOUCH VIBRANT REDS 7/43 SC;Color Touch;7891182018975;90;20
14864501;pfc328260;COLOR TOUCH RICH NATURALS 6/37 SC;Color Touch;7891182018791;90;20
14864507;pfc328227;COLOR TOUCH PURE NATURALS 3/0 SC;Color Touch;7891182019279;90;20
14864523;pfc328239;COLOR TOUCH RELIGHTS /18 SC;Color Touch;7891182017114;90;20
14864528;pfc328253;COLOR TOUCH VIBRANT REDS 55/54 SC;Color Touch;7891182018890;90;20
14864497;pfc328220;COLR TOUCH PURE NATUR 7/0 COLR CR 60ML;Color Touch;4015600057558;90;20
14864534;pfc328293;ILLUMINA COLOR 9/60 60ML;Illumina;3614226770356;90;20
14864526;pfc328244;COLOR TOUCH VIBRANT REDS 6/45 SC;Color Touch;7891182018920;90;20
14864494;pfc328212;COLOR PERFECT RICH NATURALS 7/38 SC;Color Perfect;7891182018234;90;20
14864514;pfc328271;COLOR TOUCH PURE NATURALS 5/03 SC;Color Touch;7891182019248;90;20
14864503;pfc328225;COLOR TOUCH PURE NATURALS 8/0 SC;Color Touch;7891182019347;90;20
14864492;pfc328248;COLOR TOUCH DEEP BROWNS 7/71 SC;Color Touch;7891182019088;90;20
14864513;pfc328265;COLOR TOUCH DEEP BROWNS 10/73 SC;Color Touch;7891182017145;90;20
14864516;pfc328243;COLOR TOUCH PURE NATURALS 9/0 SC;Color Touch;7891182019354;90;20
14864515;pfc328234;COLOR TOUCH RICH NATURALS 2/8 SC;Color Touch;7891182018678;90;20
14864508;pfc328236;COLOR TOUCH PLUS 77/07 SC;Color Touch;7891182019194;90;20
14864493;pfc328247;COLOR TOUCH DEEP BROWNS 8/71 SC;Color Touch;7891182019101;90;20
14864509;pfc328261;COLOR TOUCH VIBRANT REDS 4/6 SC;Color Touch;7891182018913;90;20
14864504;pfc328226;COLOR TOUCH RICH NATURALS 7/1 SC;Color Touch;7891182018807;90;20
14864531;pfc328285;ILLUMINA COLOR 7/ 60ML;Illumina;3614226770318;90;20
14864491;pfc328207;COLOR PERFECT SPECIAL MIX  0/22 SC;Color Perfect;7891182017558;90;20
14864496;pfc328219;COLOR TOUCH PURE NATURALS 7/0 SC;Color Touch;7891182019330;90;20
14864490;pfc328245;COLOR TOUCH VIBRANT REDS 66/45 SC;Color Touch;7891182018968;90;20
14864519;pfc328270;COLOR TOUCH RELIGHTS /03 SC;Color Touch;7891182018401;90;20
14864521;pfc328274;COLOR TOUCH DEEP BROWNS 5/75 SC;Color Touch;7891182019040;90;20
14864536;pfc328262;COLOR TOUCH PLUS 88/03 SC;Color Touch;7891182019217;90;20
14864502;pfc328255;COLOR TOUCH VIBRANT REDS 3/66 SC;Color Touch;7891182018906;90;20
14864537;pfc328249;COLOR TOUCH VIBRANT REDS 77/45 SC;Color Touch;7891182019361;90;20
14864499;pfc328216;COLOR PERFECT VIBRANT REDS 55/44 SC;Color Perfect;7891182017923;90;20
14864525;pfc328279;COLOR TOUCH PLUS 55/06 SC;Color Touch;7891182019132;90;20
14864500;pfc328254;COLOR TOUCH PLUS 66/03 SC;Color Touch;7891182019156;90;20
14864524;pfc328240;COLOR TOUCH RICH NATURALS 5/1 SC;Color Touch;7891182018685;90;20
14864527;pfc328284;ILLUMINA COLR 7/ 60ML;Illumina;4015600243036;90;20
14864510;pfc328259;COLOR TOUCH PLUS 55/07 SC;Color Touch;7891182019149;90;20
14864530;pfc328252;COLOR TOUCH PURE NATURALS 9/03 SC;Color Touch;7891182018364;90;20
14864506;pfc328229;COLOR TOUCH PURE NATURALS 9/01 SC;Color Touch;7891182018357;90;20
14864542;pfc328257;COLOR TOUCH PLUS 88/07 SC;Color Touch;7891182019224;90;20
14864579;pfc328332;ILLUMINA COLR 10/69 60ML;Illumina;7506309839424;90;20
14864562;pfc328282;COLOR TOUCH EMULSAO 6V 1L SC;Color Touch;7891182019866;90;20
14864570;pfc328287;ILLUMINA COLOR 6/ 60ML;Illumina;3614226770288;90;20
14864571;pfc328325;ILLUMINA COLOR 5/81 60ML;Illumina;3614226770400;90;20
14864541;pfc328294;ILLUMINA COLR 7/81 60ML;Illumina;4015600243289;90;20
14864568;pfc328320;ILLUMINA COLR 10/ 60ML;Illumina;4015600243555;90;20
14864547;pfc328296;ILLUMINA COLR 8/1 60ML;Illumina;4015600243388;90;20
14864553;pfc328278;COLOR TOUCH SPECIAL MIX 0/68 SC;Color Touch;7891182018876;90;20
14864558;pfc328312;ILLUMINA COLR 7/3 60ML;Illumina;4015600243074;90;20
14864545;pfc328303;ILLUMINA COLOR 7/43 60ML;Illumina;3614226770165;90;20
14864551;pfc328277;COLOR TOUCH MIX 0/45 SC;Color Touch;7891182017138;90;20
14864543;pfc328266;COLOR TOUCH VIBRANT REDS 5/4 SC;Color Touch;7891182018937;90;20
14864565;pfc328317;ILLUMINA COLOR 5/43 60ML;Illumina;3614226770295;90;20
14864582;pfc328300;ILLUMINA COLR 10/1 60ML;Illumina;4015600243593;90;20
14864560;pfc328276;COLOR TOUCH RELIGHTS /56 SC;Color Touch;7891182018609;90;20
14864574;pfc328291;ILLUMINA COLOR 5/ 60ML;Illumina;3614226770448;90;20
14864555;pfc328280;COLOR TOUCH EMULSAO 13V 120ML SC;Color Touch;7891182019842;90;20
14864564;pfc328281;COLOR TOUCH EMULSAO 13V 1L SC;Color Touch;7891182019859;90;20
14864578;pfc328301;ILLUMINA COLOR 10/1 60ML;Illumina;3614226770431;90;20
14864549;pfc328268;COLOR TOUCH RICH NATURALS 5/37 SC;Color Touch;7891182018784;90;20
14864585;pfc328309;ILLUMINA COLOR 9/ 60ML;Illumina;3614226770189;90;20
14864559;pfc328314;ILLUMINA COLR 7/35 60ML;Illumina;4015600243159;90;20
14864587;pfc328305;ILLUMINA COLOR 7/31 60ML;Illumina;3614226770332;90;20
14864576;pfc328298;ILLUMINA COLR 7/7 60ML;Illumina;4015600243203;90;20
14864546;pfc328299;ILLUMINA COLOR 7/7 60ML;Illumina;3614226770349;90;20
14864561;pfc328316;ILLUMINA COLR 5/43 60ML;Illumina;4015600242954;90;20
14864548;pfc328297;ILLUMINA COLOR 8/1 60ML;Illumina;3614226770363;90;20
14864539;pfc328295;ILLUMINA COLOR 7/81 60ML;Illumina;3614226770172;90;20
14864572;pfc328286;ILLUMINA COLR 6/ 60ML;Illumina;4015600242992;90;20
14864569;pfc328288;ILLUMINA COLR 8/ 60ML;Illumina;4015600243333;90;20
14864540;pfc328289;ILLUMINA COLOR 8/ 60ML;Illumina;3614226770196;90;20
14864556;pfc328311;ILLUMINA COLOR 10/36 60ML;Illumina;3614226770271;90;20
14864544;pfc328269;COLOR TOUCH PLUS 55/03 SC;Color Touch;7891182019118;90;20
14864575;pfc328334;ILLUMINA COLR 9/43 60ML;Illumina;7506309839431;90;20
14864563;pfc328283;COLOR TOUCH EMULSAO PLUS 1L SC;Color Touch;7891182019873;90;20
14864550;pfc328275;COLOR TOUCH SPECIAL MIX 0/34 SC;Color Touch;7891182018869;90;20
14864586;pfc328308;ILLUMINA COLR 9/ 60ML;Illumina;4015600243470;90;20
14864573;pfc328328;ILLUMINA COLR 9/03 60ML;Illumina;7506309839400;90;20
14864567;pfc328319;ILLUMINA COLOR 5/35 60ML;Illumina;3614226770301;90;20
14864552;pfc328304;ILLUMINA COLR 7/31 60ML;Illumina;4015600243241;90;20
14864566;pfc328318;ILLUMINA COLR 5/35 60ML;Illumina;4015600242879;90;20
14864538;pfc328258;COLOR TOUCH DEEP BROWNS  5/71 SC;Color Touch;7891182019002;90;20
14864583;pfc328342;ILLUMINA COLR 10/38 60ML;Illumina;7506309855431;90;20
14864554;pfc328267;COLOR TOUCH RELIGHTS /00 SC;Color Touch;7891182018395;90;20
14864577;pfc328340;ILLUMINA COLR 8/38 60ML;Illumina;7506309855424;90;20
14864580;pfc328302;ILLUMINA COLR 7/43 60ML;Illumina;4015600243111;90;20
14864581;pfc328333;ILLUMINA COLOR 10/69 60ML;Illumina;3614226770233;90;20
14864557;pfc328310;ILLUMINA COLR 10/36 60ML;Illumina;4015600243630;90;20
14864606;pfc328326;ILLUMINA COLR 6/16 60ML;Illumina;7506309839394;90;20
14864595;pfc328348;ILLUMINA COLR 10/93 60ML;Illumina;7506339300987;90;20
14864589;pfc328313;ILLUMINA COLOR 7/3 60ML;Illumina;3614226770141;90;20
14864597;pfc328350;NIOX DEEP REPA HAI MASC COND 150ML ES,PT;Nioxin;4015600167448;90;20
14864613;pfc328335;ILLUMINA COLOR 9/43 60ML;Illumina;3614226770417;90;20
14864599;pfc328321;ILLUMINA COLOR 10/ 60ML;Illumina;3614226770240;90;20
14864600;pfc328323;ILLUMINA COLOR 9/7 60ML;Illumina;3614226770202;90;20
14864634;pfc328356;NIOX SYS3 SCALP REVIT 1L OPTIMO;Nioxin;3614227273436;90;20
14864629;pfc328383;NIOXIN SYS6 SHAMPOO 300ML OPTIMO;Nioxin;8005610494791;90;20
14864635;pfc328387;NIOX SYS5 SCALP TREATMENT 100ML ES,PT;Nioxin;4015600168865;90;20
14864591;pfc328307;ILLUMINA COLOR 5/7 60ML;Illumina;3614226770455;90;20
14864610;pfc328329;ILLUMINA COLOR 9/03 60ML;Illumina;3614226770424;90;20
14864588;pfc328306;ILLUMINA COLR 5/7 60ML;Illumina;4015600243951;90;20
14864607;pfc328363;NIOX SYS5 SCALP REVIT 1L OPTIMO;Nioxin;3614227273443;90;20
14864624;pfc328344;ILLUMINA COLR 6/19 60ML;Illumina;7506339300963;90;20
14864609;pfc328361;NIOXIN SYS4 CONDICIONADOR 300ML OPTIMO;Nioxin;8005610498546;90;20
14864616;pfc328370;KIT NIOXIN SYS4 CON SH 150ML LEA 40ML OP;Nioxin;8005610501277;90;20
14864602;pfc328327;ILLUMINA COLOR 6/16 60ML;Illumina;3614226770394;90;20
14864611;pfc328330;ILLUMINA COLR 8/69 60ML;Illumina;7506309839417;90;20
14864604;pfc328360;NIOX SYS4 SCALP REVIT 1L OPTIMO;Nioxin;3614226737953;90;20
14864627;pfc328347;ILLUMINA COLOR 6/76 60ML;Illumina;3614226770462;90;20
14864626;pfc328385;NIOXIN SYS3 SCALP TRATAM 100ML OPTIMO;Nioxin;8005610499314;90;20
14864625;pfc328384;NIOX SYS3 SCALP TREATMENT 100ML ES,PT;Nioxin;4015600168377;90;20
14864631;pfc328351;NIOXIN DEEP PROTECT MASC COND 150ML;Nioxin;8005610502731;90;20
14864623;pfc328339;ILLUMINA COLOR 8/05 60ML;Illumina;3614226770226;90;20
14864614;pfc328331;ILLUMINA COLOR 8/69 60ML;Illumina;3614226770257;90;20
14864619;pfc328338;ILLUMINA COLR 8/05 60ML;Illumina;7506309855400;90;20
14864612;pfc328366;NIOX SYS6 SCALP REVIT 1L OPTIMO;Nioxin;3614227273429;90;20
14864636;pfc328392;KIT NIOXIN SYS2 CON SH 150ML LEA 40ML OP;Nioxin;8005610500973;90;20
14864628;pfc328382;NIOXIN SYS6 SHAMPOO 1L OPTIMO;Nioxin;8005610495255;90;20
14864608;pfc328362;NIOXIN SYS5 CONDICIONADOR 1L OPTIMO;Nioxin;8005610498898;90;20
14864617;pfc328367;NIOXIN SYS6 CONDICIONADOR 300ML OPTIMO;Nioxin;8005610498645;90;20
14864598;pfc328352;NIOX DEEP RE HAI MAS COND 500ML MULTILAN;Nioxin;4015600167462;90;20
14864622;pfc328345;ILLUMINA COLOR 6/19 60ML;Illumina;3614226770325;90;20
14864592;pfc328343;ILLUMINA COLOR 10/38 60ML;Illumina;3614226770387;90;20
14864593;pfc328315;ILLUMINA COLOR 7/35 60ML;Illumina;3614226770158;90;20
14864621;pfc328336;ILLUMINA COLR 4/ 60ML;Illumina;7506309855394;90;20
14864594;pfc328341;ILLUMINA COLOR 8/38 60ML;Illumina;3614226770219;90;20
14864605;pfc328357;NIOX SYS3 SCALP REVIT 300ML D,F,IT,N,E,P;Nioxin;4015600168339;90;20
14864630;pfc328386;NIOXIN SYS4 SCALP TRATAM 100ML OPTIMO;Nioxin;8005610499413;90;20
14864590;pfc328346;ILLUMINA COLR 6/76 60ML;Illumina;7506339300970;90;20
14864633;pfc328353;NIOXIN DEEP PROTECT MASC COND 500ML;Nioxin;8005610502854;90;20
14864620;pfc328376;NIOXIN SYS4 SHAMPOO 1L OPTIMO;Nioxin;8005610495132;90;20
14864637;pfc328395;NIOXIN SYS1 SCALP TRATAM 100ML OPTIMO;Nioxin;8005610499093;90;20
14864632;pfc328355;NIOXIN SYS3 CONDICIONADOR 1L OPTIMO;Nioxin;8005610498799;90;20
14864615;pfc328368;NIOX SYS6 SCALP REVIT 300ML OPTIMO;Nioxin;3614227274600;90;20
14864603;pfc328322;ILLUMINA COLR 9/7 60ML;Illumina;4015600243517;90;20
14864618;pfc328369;KIT NIOXIN SYS3 CON SH 150ML LEA 50ML OP;Nioxin;8005610501123;90;20
14864596;pfc328349;ILLUMINA COLOR 10/93 60ML;Illumina;3614226770264;90;20
14864680;pfc328399;NIOXIN SYS2 SHAMPOO 1L OPTIMO;Nioxin;8005610494944;90;20
14864650;pfc328372;KIT NIOXIN SYS6 CON SH 150ML LEA 40ML OP;Nioxin;8005610501574;90;20
14864676;pfc328429;SEBASTIAN TRILLIANT THERMAL P 150ML S/P;Sebastian;4015600057947;90;20
14864653;pfc328405;NIOX SYS1 SCALP REVIT 300ML OPTIMO;Nioxin;3614227275393;90;20
14864644;pfc328398;NIOXIN SYS1 CONDICIONADOR 1L OPTIMO;Nioxin;8005610498690;90;20
14864661;pfc328378;NIOXIN SYS4 SHAMPOO 300ML OPTIMO;Nioxin;8005610494579;90;20
14864683;pfc328402;NIOX SYS1 CLEANSER 300ML MULTILANG;Nioxin;4015600167769;90;20
14864643;pfc328365;NIOX SYS5 SCALP REVIT 300ML OPTIMO;Nioxin;3614226738028;90;20
14864654;pfc328406;NIOXIN SYS2 SHAMPOO 300ML OPTIMO;Nioxin;8005610494470;90;20
14864669;pfc328388;NIOXIN SYS5 SCALP TRATAM 100ML OPTIMO;Nioxin;8005610499512;90;20
14864677;pfc328393;NIOX KIT SYS2 150+150+40 OPTIMO;Nioxin;3614227274594;90;20
14864657;pfc328375;NIOX SYS4 CLEANSER 1000ML MULTILANG;Nioxin;4015600168445;90;20
14864675;pfc328431;SEB_POTION9_150ML_ESPTGR;Sebastian;4015600135683;90;20
14864642;pfc328359;NIOX SYS3 SCALP REVIT 300ML OPTIMO;Nioxin;3614227275324;90;20
14864687;pfc328442;SEBASTIAN RE SHAPER SPRAY FIXADOR 400ML;Sebastian;8005610579719;90;20
14864664;pfc328417;SEBASTIAN HYDRE SHAMPOO 1L;Sebastian;8005610592589;90;20
14864685;pfc328440;SEBASTIAN SHAPER ZERO 400ML;Sebastian;8005610268552;90;20
14864641;pfc328354;NIOXIN SCALP RENEW 75ML OPTIMO;Nioxin;8005610502977;90;20
14864638;pfc328394;NIOX SYS1 SCALP TRTM 100ML MULTILANG;Nioxin;4015600167882;90;20
14864649;pfc328373;NIOXIN SYS3 SHAMPOO 1L OPTIMO;Nioxin;8005610495071;90;20
14864659;pfc328379;NIOXIN SYS5 SHAMPOO 1L OPTIMO;Nioxin;8005610495194;90;20
14864666;pfc328418;SEB HYDRE CONDITIONER 1L MULTILANG;Sebastian;8005610499857;90;20
14864673;pfc328396;NIOXIN SYS2 SCALP TRATAM 100ML OPTIMO;Nioxin;8005610499215;90;20
14864682;pfc328404;NIOX SYS1 SCALP REVIT 300ML MULTILANG;Nioxin;4015600167844;90;20
14864647;pfc328401;NIOX SYS2 SCALP REVIT 1L OPTIMO;Nioxin;3614226737960;90;20
14864640;pfc328358;NIOXIN SYS3 CONDICIONADOR 300ML OPTIMO;Nioxin;8005610498492;90;20
14864645;pfc328397;NIOXIN SYS1 SHAMPOO 1L OPTIMO;Nioxin;8005610494883;90;20
14864652;pfc328371;KIT NIOXIN SYS5 CON SH 150ML LEA 50ML OP;Nioxin;8005610501420;90;20
14864671;pfc328390;NIOXIN DIABOOST TRATAM 100ML OPTIMO;Nioxin;8005610503257;90;20
14864660;pfc328380;NIOX SYS5 CLEANSER 300ML DE,FR,IT,NL,E,P;Nioxin;4015600168735;90;20
14864668;pfc328423;SEB HYDRE TREAT 150ML ESPTRU;Sebastian;4015600055455;90;20
14864679;pfc328435;SEBASTIAN POTION9 LITE 150ML;Sebastian;8005610592435;90;20
14864639;pfc328364;NIOXIN SYS5 CONDICIONADOR 300ML OPTIMO;Nioxin;8005610498591;90;20
14864686;pfc328441;SEBASTIAN RE-SHAPER 400ML;Sebastian;8005610579719;90;20
14864646;pfc328400;NIOXIN SYS2 CONDICIONADOR 1L OPTIMO;Nioxin;8005610498744;90;20
14864651;pfc328374;NIOXIN SYS3 SHAMPOO 300ML OPTIMO;Nioxin;8005610494524;90;20
14864658;pfc328377;NIOX SYS4 CLEANSER 300ML DE,FR,IT,NL,E,P;Nioxin;4015600168483;90;20
14864667;pfc328381;NIOXIN SYS5 SHAMPOO 300ML OPTIMO;Nioxin;8005610494623;90;20
14864662;pfc328414;SEB PENETRAIT MASK COND 150ML ESPTRU;Sebastian;4015600055394;90;20
14864670;pfc328426;SEB TRILLIANCE SHP 250ML ES,PT;Sebastian;4015600231859;90;20
14864678;pfc328434;SEBASTIAN POTION9 500ML;Sebastian;8005610592831;90;20
14864684;pfc328407;NIOXIN SYS2 CONDICIONADOR 300ML OPTIMO;Nioxin;8005610498447;90;20
14864656;pfc328408;NIOX SYS2 SCALP REVIT 300ML OPTIMO;Nioxin;3614227275409;90;20
14864648;pfc328403;NIOXIN SYS1 SHAMPOO 300ML OPTIMO;Nioxin;8005610494418;90;20
14864663;pfc328416;SEB HYDRE SHAMPOO 1L MULTILANG;Sebastian;4015600054731;90;20
14864672;pfc328391;KIT NIOXIN SYS1 CON SH 150ML LEA 50ML OP;Nioxin;8005610500829;90;20
14864665;pfc328419;SEB HYDRE PRO TREATM 500ML MULTILANG;Sebastian;4015600055172;90;20
14864655;pfc328409;SEB PENETRA MASK COND 500ML DFINLESPTGRP;Sebastian;4015600055103;90;20
14864681;pfc328433;SEB_POTION9_500ML_DFINLESPT;Sebastian;4015600055912;90;20
14864708;pfc328432;SEBASTIAN POTION9 150ML;Sebastian;4015600135683;90;20
14864702;pfc328455;SP LUXE KERA REST TRM 150ML I,E,P;System Professional;4015600612818;90;20
14864703;pfc328457;SP LUXE KERA REST TRM 400ML D,F,I,NL,E,P;System Professional;4015600612887;90;20
14864716;pfc328436;SEB_POTION9_50ML_ESPT;Sebastian;8005610499888;90;20
14864711;pfc328425;SEB TRILLIANCE CND 1000ML MULTILAN;Sebastian;4015600232153;90;20
14864712;pfc328464;SP LUXE KERA COND 1000ML;System Professional;8005610567631;90;20
14864689;pfc328410;SEB PENETRAITT SHAMPOO 1L MULTILANG;Sebastian;4015600054656;90;20
14864730;pfc328451;SEBASTIAN DARK OIL OLEO 95ML;Sebastian;8005610598635;90;20
14864727;pfc328444;SEB 200ML GEL FORTE STRONG ESPT;Sebastian;4015600055639;90;20
14864695;pfc328412;SEB PENETRAITT SHAMPOO 250ML DE,FR,IT,NL;Sebastian;4015600054694;90;20
14864717;pfc328473;SP COLOR SAVE MASK 400ML;System Professional;8005610567433;90;20
14864728;pfc328484;SP LUXEOIL ELIXIR 30ML DFINLESPTGR;System Professional;4084500380523;90;20
14864691;pfc328446;SEB CELLOPHANES ICE BLOND 300ML MUL;Sebastian;4015600432898;90;20
14864698;pfc328422;SEBASTIAN HYDRE CONDITIONER 250ML;Sebastian;8005610592732;90;20
14864723;pfc328480;SP MEN GRADUAL TONE BROWN 60ML + 30ML;System Professional;8005610583280;90;20
14864726;pfc328448;SEB CELLOPHANES CLEAR 300ML MUL;Sebastian;4015600432607;90;20
14864720;pfc328479;SP MEN GRAD TONE BROWN 60+30ML IESPT;System Professional;4015600226114;90;20
14864729;pfc328452;SEBASTIAN SUBLIMATE CREAM 100ML;Sebastian;8005610580838;90;20
14864737;pfc328487;EIMI PERFECT SETTING 150ML;EIMI;8005610589220;90;20
14864697;pfc328415;SEB PENETRAIT CND 250ML ESPTRU;Sebastian;4015600054922;90;20
14864692;pfc328449;SEBASTIAN TEXTURE MAKER 150ML;Sebastian;8005610583044;90;20
14864721;pfc328443;SEBASTIAN SHAPER FIERCE SPR EX FOR 400ML;Sebastian;8005610568898;90;20
14864722;pfc328438;SEB 140ML TAMING ELIXIR SERUM ES,PT;Sebastian;8005610499918;90;20
14864724;pfc328445;SEB 50G CRAFT CLAY REMOLD MULTILANG;Sebastian;4015600059057;90;20
14864688;pfc328437;SEBASTIAN WHIPPED CREME 150ML;Sebastian;8005610598680;90;20
14864735;pfc328485;SP LUXEOIL ELIXIR 30ML;System Professional;8005610576404;90;20
14864701;pfc328456;SP LUXE KERATIN TREATMENT 150ML;System Professional;3614226744913;90;20
14864694;pfc328420;SEB HYDRE SHAMPOO 250ML DFINLESPTGRPL;Sebastian;4015600054779;90;20
14864733;pfc328453;SP LUXE KERATIN PROT SHP 200ML I,E,P;System Professional;4015600611668;90;20
14864725;pfc328447;SEB CELLOPHANE CARAMEL BROWN 300ML MUL;Sebastian;4015600432768;90;20
14864700;pfc328454;SP LUXE KERA PROT SHP 200ML;System Professional;3614226768537;90;20
14864732;pfc328486;WP EIMI PERFECT SETTING 150 ML E-P-GR;EIMI;4084500585157;90;20
14864696;pfc328421;SEB HYDRE COND 250ML ESPTRU;Sebastian;4015600055004;90;20
14864705;pfc328427;SEB TRILLIANCE CND 250ML ES,PT;Sebastian;8005610499949;90;20
14864734;pfc328490;WP EIMI DYNAMIC FIX 300 ML E-P-GR-TR;EIMI;4084500582866;90;20
14864731;pfc328483;SP LUXEOIL 30ML D-F-I-NL-E-P-GR;System Professional;4084500380523;90;20
14864704;pfc328458;SP LUXE KERATIN REST TRATAM 400ML;System Professional;3614226768513;90;20
14864706;pfc328424;SEB TRILLIANCE SHP 1000ML MULTILAN;Sebastian;4015600231873;90;20
14864693;pfc328413;SEB PENETRAIT SHP 250ML DFINLESPTGRPL;Sebastian;4015600054694;90;20
14864699;pfc328450;SEB_DARK_OIL_95ML_MULTI_WE_NA_LA;Sebastian;4084500999206;90;20
14864707;pfc328428;SEBASTIAN COND TRILLIANCE 250ML;Sebastian;4015600232139;90;20
14864715;pfc328470;SP COLOR SAVE COND 1L;System Professional;8005610567228;90;20
14864710;pfc328462;SP LUXE KERA COND 1000ML MULTILANG;System Professional;4084500606098;90;20
14864736;pfc328489;WP EIMI PERFECT ME 100 ML E-P-GR-TR;EIMI;4084500642089;90;20
14864738;pfc328491;WP EIMI ABSOLUTE SET 300ML;EIMI;8005610563244;90;20
14864713;pfc328465;SP LUXE KERA COND 200ML DFINLESPTPLGR;System Professional;4084500605978;90;20
14864719;pfc328439;SEB 400ML SHAPER ZERO GRAV. ES,PT;Sebastian;8005610268552;90;20
14864714;pfc328430;SEBASTIAN TRILLIANT 150ML;Sebastian;8005610569574;90;20
14864709;pfc328460;SP LUXE KERATIN PROT SHP 1000ML;System Professional;8005610566849;90;20
14864740;pfc328493;WP EIMI GLAM MIST 200 ML E-P-GR;EIMI;4084500584297;90;20
14864749;pfc328471;SP COLOR SAVE MASK COND 400ML MULTILANG;System Professional;4015600134198;90;20
14864743;pfc328500;EIMI SHAPE CONTROL 300 ML;EIMI;8005610532653;90;20
14864758;pfc328474;SP COLOR SAVE SHP 250ML MULTILANG;System Professional;4084500363021;90;20
14864768;pfc328524;ENRICH SHAMPOO INVIGO 1000ML;Enrich;8005610672427;90;20
14864771;pfc328492;EIMI ABSOLUTE SET 300 ML;EIMI;8005610563244;90;20
14864776;pfc328495;WP EIMI DRY ME 180 ML E-P-GR-TR;EIMI;4084500641532;90;20
14864783;pfc328539;ENRICH MASK COND 150ML;Enrich;8005610672519;90;20
14864752;pfc328505;BRILLIANCE SHAMPOO NORMAL 1000ML;Brilliance;4015600132576;90;20
14864762;pfc328478;SP MEN GRADUAL TONE BLACK 60+30ML;System Professional;8005610576602;90;20
14864755;pfc328477;SP MEN GRAD TONE BLACK 60+30ML IESPT;System Professional;4015600226039;90;20
14864767;pfc328521;WP BRILL LI BALM 150ML E,P,GR;Brilliance;4015600115265;90;20
14864773;pfc328501;WP EIMI THERMAL IMAGE 150 ML E-P-GR;EIMI;4084500585959;90;20
14864778;pfc328497;WP EIMI NATURAL VOL 300 ML E-P-GR;EIMI;4084500584426;90;20
14864787;pfc328548;WP COOL BLOND SHAMPOO INVIGO 250ML;Wella Care Recharge;8005610642703;90;20
14864772;pfc328496;EIMI DRY ME 180 ML;EIMI;8005610532745;90;20
14864784;pfc328544;ENRICH REPAIR SERUM 8X10ML;Enrich;8005610645230;90;20
14864756;pfc328509;BRILLIANCE CONDICIONADOR INVIGO 1000ML;Brilliance;8005610672304;90;20
14864759;pfc328513;BRILLIANCE SHAMPOO 250ML;Brilliance;8005610672212;90;20
14864754;pfc328507;BRILLIANCE SHAMPOO 1L;Brilliance;8005610672243;90;20
14864770;pfc328530;ENRICH MASK COND 500ML;Enrich;8005610672540;90;20
14864769;pfc328494;WP EIMI SUGAR LIFT 150ML;EIMI;8005610589626;90;20
14864774;pfc328499;WP EIMI SHAPE CONTROL 300ML;EIMI;8005610532653;90;20
14864760;pfc328476;SP COLOR SAVE MASK COND 200ML MULTILANG;System Professional;4015600134150;90;20
14864750;pfc328475;SP COLOR SAVE SHAMPOO 250ML;System Professional;3614226789303;90;20
14864763;pfc328481;SP LIQUID HAIR 100ML ESPTSCAN;System Professional;4084500221703;90;20
14864788;pfc328512;BRILLIANCE MASK COND 500ML;Brilliance;8005610672366;90;20
14864748;pfc328468;SP COLOR SAVE SHP 1000ML MULTILANG;System Professional;4015600112493;90;20
14864779;pfc328538;ENRICH MASC CONDICIONADOR INVIGO 150ML;Enrich;8005610672519;90;20
14864786;pfc328502;WP EIMI THERMAL IMAGE 150ML;EIMI;8005610589374;90;20
14864747;pfc328467;COLOR SAVE SHAMPOO 1000ML;System Professional;4015600112493;90;20
14864751;pfc328506;BRILLIANCE SHAMPOO INVIGO 1000ML;Brilliance;8005610672243;90;20
14864785;pfc328537;ENRICH MASCARA COND NORMAL 150ML;Enrich;4015600132798;90;20
14864739;pfc328459;SP LUXE KERATIN PROT SHP 1000ML MULTI;System Professional;4015600612634;90;20
14864745;pfc328463;SP LUXE KERA CONDICIONADOR 1000ML;System Professional;8005610567631;90;20
14864777;pfc328535;ENRICH CONDICIONADOR INVIGO 200ML;Enrich;8005610672458;90;20
14864775;pfc328498;WP EIMI NATURAL VOL 300ML;EIMI;8005610532622;90;20
14864764;pfc328482;SP LUXEOIL ELIXIR 100ML ESPTSCAN;System Professional;4015600260361;90;20
14864744;pfc328503;WP EIMI BOLD MOVE 150 ML E-P-GR-TR;EIMI;4084500586253;90;20
14864765;pfc328488;EIMI BODY CRAFTER 150ML;EIMI;8005610589572;90;20
14864753;pfc328508;BRILLIANCE CONDICIONADOR NORMAL 1000ML;Brilliance;4015600132446;90;20
14864757;pfc328510;BRILLIANCE CONDICIONADOR 1000ML;Brilliance;8005610672304;90;20
14864780;pfc328504;WP EIMI BOLD MOVE 150ML;EIMI;8005610576206;90;20
14864746;pfc328469;SP COLOR SAVE SHP 1000ML;System Professional;8005610567105;90;20
14864741;pfc328461;SP LUXE KERATIN PROT SHAMPOO 1000ML;System Professional;8005610566849;90;20
14864782;pfc328536;ENRICH CONDICIONADOR 200ML;Enrich;8005610672458;90;20
14864781;pfc328540;ENRICH SELF WARM MASK COND 150ML;Enrich;8005610644394;90;20
14864766;pfc328523;ENRICH SHAMPOO 1L;Enrich;8005610672427;90;20
14864742;pfc328466;SP LUXE KERA COND 200ML;System Professional;3614226768605;90;20
14864814;pfc328567;OIL REFLECTIONS SHAMPOO 1000ML;Helios;8005610531632;90;20
14864804;pfc328563;WP ELEMT LIGHT RENEW COND 1L;Elements;8005610578668;90;20
14864794;pfc328520;BRILLIANCE MASCARA COND 150ML;Brilliance;8005610672335;90;20
14864836;pfc328593;WELLOXON PERFECT OXIDANTE 20V 60ML SC;Welloxon;7891182019811;90;20
14864793;pfc328554;PURE SHAMPOO 1000ML;Balance;8005610642529;90;20
14864828;pfc328587;WELLASTRATE ALISANTE SUAVE 125ML SC;Wellastrate;7891182019378;90;20
14864832;pfc328550;WP COL RECH COOL BLONDE 200ML E,P;Wella Care Recharge;4015600250690;90;20
14864790;pfc328553;WP PURE SHAMPOO INVIGO 1L;Balance;8005610642529;90;20
14864810;pfc328566;WP OIL REF SHAMPOO 1000ML;Helios;8005610531632;90;20
14864809;pfc328532;ENRICH SHAMPOO INVIGO 250ML;Enrich;8005610672397;90;20
14864792;pfc328519;BRILLIANCE MASC COND INVIGO 150ML;Brilliance;8005610672335;90;20
14864815;pfc328572;WP OIL REF MASC CONDICIONADOR 150ML;Helios;8005610531458;90;20
14864822;pfc328546;WP SERVICE TREATMENT POS COLOR 1L;Wella;8005610579689;90;20
14864824;pfc328547;WP COL COOL BLOND SHP 250ML E,P,GR;Wella Care Recharge;4015600252489;90;20
14864811;pfc328534;ENRICH COND NORMAL 200 LA;Enrich;4015600132590;90;20
14864797;pfc328552;WP COOL BLOND CONDICIONADOR 200ML;Wella Care Recharge;8005610642888;90;20
14864827;pfc328586;WELLASTRATE ALISANTE INTENSO 125ML SC;Wellastrate;7891182019385;90;20
14864835;pfc328556;WP ELE LIGHT REN COND 200ML CEEMEA;Elements;4084500125674;90;20
14864789;pfc328511;BRILLIANCE MASC COND INVIGO 500ML;Brilliance;8005610672366;90;20
14864808;pfc328560;ELEMENTS MASCARA COND 500ML;Elements;3614226771650;90;20
14864823;pfc328541;ENRICH STRAIGHT LI CR SCAN 150ML;Enrich;4015600122126;90;20
14864829;pfc328542;ENRICH STR LI CREAM 150ML;Enrich;8005610644677;90;20
14864796;pfc328518;BRILLIANCE MASCARA COND NORMAL 150ML;Brilliance;4015600132736;90;20
14864838;pfc328561;WP ELEMT LEAVEIN COND SPRAY 150ML;Elements;8005610578613;90;20
14864819;pfc328579;OIL REFLECTIONS LIGHT 100ML;Helios;3614226403056;90;20
14864821;pfc328549;COOL BLOND SHAMPOO 250ML;Wella Care Recharge;8005610642703;90;20
14864806;pfc328564;WP OIL REF SHAMPOO 250ML;Helios;8005610531663;90;20
14864812;pfc328531;ENRICH SHAMPOO 250ML;Enrich;8005610672397;90;20
14864817;pfc328577;WP OIL REFLECTION 100ML;Helios;8005610578712;90;20
14864837;pfc328594;WELLOXON PERFECT OXIDANTE 30V 60ML SC;Welloxon;7891182019828;90;20
14864807;pfc328526;ENRICH CONDICIONADOR 1L;Enrich;4015600132613;90;20
14864802;pfc328558;WP ELE RENEW MASK COND 150ML ESPTSCAN;Elements;4084500126053;90;20
14864826;pfc328581;WP OIL REFLECTIONS SERUM 10x6ML;Helios;3614227330627;90;20
14864820;pfc328545;SERVICE TRAT POS COLOR 1L;Wella;4015600118112;90;20
14864816;pfc328574;WP OIL REFLECTION MASK COND 500ML;Helios;8005610554716;90;20
14864795;pfc328517;BRILLIANCE CONDICIONADOR 200ML;Brilliance;8005610672274;90;20
14864825;pfc328585;COLOR.ID 95ML E.P.GR.RU;Wella;4015600813765;90;20
14864833;pfc328589;WELLOXON PERFECT 20V 1L SC;Welloxon;7891182019798;90;20
14864791;pfc328516;BRILLIANCE CONDICIONADOR INVIGO 200ML;Brilliance;8005610672274;90;20
14864831;pfc328588;WP STRGHT IT NEUTR 125ML;Wellastrate;7506339304282;90;20
14864813;pfc328529;ENRICH MASC CONDICIONADOR INVIGO 500ML;Enrich;8005610672540;90;20
14864798;pfc328528;ENRICH COND 1L;Enrich;8005610672489;90;20
14864800;pfc328522;BRILLIANCE LI BALM 150ML;Brilliance;8005610644233;90;20
14864818;pfc328543;ENRICH STRAIGHT LEAVE IN CREAM 150ML;Enrich;8005610644677;90;20
14864803;pfc328559;WP ELE RENEW MASK COND 500ML CEEMEA;Elements;4084500126213;90;20
14864830;pfc328551;WP COOL BLOND COND INVIGO 200ML;Wella Care Recharge;8005610642888;90;20
14864801;pfc328557;WP ELEMT LIGHT RENEW COND 200ML;Elements;8005610579092;90;20
14864805;pfc328527;ENRICH CONDICIONADOR INVIGO 1000ML;Enrich;8005610672489;90;20
14864799;pfc328555;WP ELE RENEW SHP 250ML E-P-GR;Elements;8005610486116;90;20
14864859;pfc328618;WP FUSION MASK COND 150ML;Fusion;3614226771643;90;20
14864870;pfc328592;WELLOXON PERFECT 12% 1L NV;Welloxon;7891182019781;90;20
14864881;pfc328642;WP BAL HAIR LOSS TREAT 8X6ML;Balance;8005610645261;90;20
14864884;pfc328609;WELLA PROF FUSION SH 1000ML;Fusion;8005610415482;90;20
14864842;pfc328565;WP OIL REF SHP 1000ML EMEA_ALC;Helios;4015400792635;90;20
14864869;pfc328630;NIOXIN INSTANT FULLNESS 180ML;Nioxin;8005610352244;90;20
14864858;pfc328614;WELLA PROF FUSION COND 1000ML;Fusion;8005610415635;90;20
14864876;pfc328636;ENRICH WONDER BALM 150ML;Enrich;8005610643885;90;20
14864844;pfc328573;WP OIL REF MASC CONDICIONADOR 150ML NV;Helios;8005610531458;90;20
14864839;pfc328601;COLOR TOUCH COLORACAO 7.97 60 ML;Color Touch;8005610354095;90;20
14864851;pfc328611;WELLA PROF FUSION COND 30ML;Fusion;8005610415512;90;20
14864879;pfc328639;VOLUME CLEAR TREAT COND 145ML;Volume;8005610645681;90;20
14864860;pfc328583;WP OIL REFLECTION 30 ML;Helios;8005610573717;90;20
14864863;pfc328625;NIOX KIT SYS2 300+300+100 OPTIMO;Nioxin;3614227275331;90;20
14864885;pfc328613;WELLA PROFESSIONAL FUSION COND 200ML;Fusion;8005610415604;90;20
14864852;pfc328608;WELLA PROF FUSION SH 250ML;Fusion;8005610416038;90;20
14864887;pfc328617;WELLA PROF FUSION MASC COND 150ML;Fusion;8005610415758;90;20
14864847;pfc328607;WELLA PROF FUSION SH 50ML;Fusion;8005610415420;90;20
14864874;pfc328598;COLOR PERFECT COLORACAO 10.97 60 ML;Color Perfect;8005610353302;90;20
14864890;pfc328620;WELLA PROF FUSION MASC COND 500ML;Fusion;8005610415871;90;20
14864889;pfc328616;FUSION MASK COND 30ML;Fusion;8005610415666;90;20
14864840;pfc328562;WP ELE RENEW SHP 1000ML WE;Elements;8005610486239;90;20
14864843;pfc328568;WP OIL REF COND 30ML WE_TR;Helios;4015400792673;90;20
14864855;pfc328580;WP OIL REF SERUM 10X6ML GLOBAL;Helios;4015400793007;90;20
14864872;pfc328627;KIT NIOXIN SYS4 CON SH 300ML LE 100ML OP;Nioxin;8005610501970;90;20
14864883;pfc328652;ENRICH MASK COND 30ML;Enrich;8005610640723;90;20
14864841;pfc328571;WP OIL REF MASK COND 150ML E-P-GR-PL;Helios;4015400792796;90;20
14864845;pfc328578;WP OIL REF LIGHT 100ML E,P,GR(LA);Helios;4015400793182;90;20
14864853;pfc328612;WELLA PROF FUSION COND 200ML;Fusion;8005610415604;90;20
14864861;pfc328584;WP OIL REFLECTIONS LIGHT OLEO 30ML;Helios;8005610573755;90;20
14864862;pfc328582;WP OIL REFLECTION 30ML WE;Helios;4015400793106;90;20
14864875;pfc328633;SEBASTIAN PENETRAITT SHAMPOO 50ML;Sebastian;4015600260989;90;20
14864865;pfc328629;KIT NIOXIN SYS6 CON SH 300ML LE 100ML OP;Nioxin;8005610502175;90;20
14864850;pfc328610;FUSION SHAMPOO 1000ML;Fusion;8005610415482;90;20
14864888;pfc328619;WELLA PROF FUSION MASC 500ML;Fusion;8005610415871;90;20
14864882;pfc328603;COLOR TOUCH COLORACAO 9.97 60 ML;Color Touch;8005610354361;90;20
14864854;pfc328576;WP OIL REFLECTION 100ML E,P,GR;Helios;4015400793045;90;20
14864871;pfc328597;COLOR PERFECT COLORACAO 8.97 60 ML;Color Perfect;8005610353234;90;20
14864867;pfc328595;WELLOXON OXIDANTE 9% 60ML;Welloxon;4015600021887;90;20
14864846;pfc328569;WP OIL REF CONDICIONADOR 200ML;Helios;8005610531335;90;20
14864873;pfc328605;WELLA PLEX KIT BIG STEP 1+2;WellaPlex;8005610415093;90;20
14864868;pfc328596;COLOR PERFECT COLORACAO 6.97 60 ML;Color Perfect;8005610353203;90;20
14864856;pfc328575;OIL REFLECTIONS MASK COND 500ML;Helios;8005610554716;90;20
14864880;pfc328599;COLOR TOUCH COLORACAO 5.97 60 ML;Color Touch;8005610353616;90;20
14864849;pfc328606;WELLA PLEX NO3 100ML;WellaPlex;8005610409672;90;20
14864864;pfc328624;KIT NIOXIN SYS2 CON SH 300ML LE 100ML OP;Nioxin;8005610501772;90;20
14864857;pfc328615;WELLA PROF FUSION MASC COND 30ML;Fusion;8005610415666;90;20
14864866;pfc328591;WELLOXON PERFECT 40V 1L SC;Welloxon;7891182019781;90;20
14864878;pfc328640;VOLUME CLEAR TREAT COND 500ML;Volume;8005610634647;90;20
14864909;pfc328634;SEBASTIAN HYDRE SHAMPOO 50ML;Sebastian;4015600260736;90;20
14864907;pfc328672;SEBASTIAN CURLY MASCARA 500ML;Sebastian;8005610426792;90;20
14864912;pfc328675;ILLUMINA 5/02 60ML;Illumina;8005610541730;90;20
14864905;pfc328638;VOLUME SHAMPOO 1000ML;Volume;8005610642437;90;20
14864920;pfc328679;WELLA NUTRICURLS SHAMPOO 250ML;Wella Nutricurls;3614228865647;90;20
14864923;pfc328650;BRILLIANCE MASK COND 30ML;Brilliance;8005610633770;90;20
14864937;pfc328705;OPI NLB35 CHARGED UP CHERRY 15ML;OPI;094100005928;90;20
14864930;pfc328651;ENRICH SHAMPOO 50ML;Enrich;8005610640662;90;20
14864903;pfc328631;NIOXIN NIGHT DENSITY RESCUE 70ML;Nioxin;8005610531212;90;20
14864894;pfc328622;WELLA PROF FUSION PROT REF 70ML;Fusion;8005610415963;90;20
14864918;pfc328678;ILLUMINA 8/37 60ML;Illumina;8005610541679;90;20
14864911;pfc328676;ILLUMINA 6/37 60ML;Illumina;8005610541648;90;20
14864939;pfc328664;WP EIMI MISTIFY STRONG 500ML;EIMI;8005610640327;90;20
14864892;pfc328654;VOLUME SHAMPOO 50ML;Volume;8005610672182;90;20
14864910;pfc328637;VOLUME SHAMPOO 250ML;Volume;8005610633091;90;20
14864933;pfc328698;FUSION MASK COND 150ML;Fusion;3614226771643;90;20
14864929;pfc328688;WELLA NUTRICURLS MASK COND 500ML;Wella Nutricurls;3614227348929;90;20
14864936;pfc328662;COLOR FRESH CREATE INFINITE ORANGE 60ML;Color Fresh;8005610603513;90;20
14864927;pfc328681;WELLA NUTRICURLS SHAMPOO 50ML;Wella Nutricurls;3614228865692;90;20
14864896;pfc328656;COLOR FRESH CREATE TOMORROW CLEAR 60ML;Color Fresh;8005610603216;90;20
14864895;pfc328655;VOLUME CLEAR TREAT 15ML;Volume;8005610640785;90;20
14864925;pfc328648;BRILLIANCE SHAMPOO 50ML;Brilliance;8005610634227;90;20
14864916;pfc328644;COOL BLOND SHAMPOO 1000ML;Wella Care Recharge;8005610642796;90;20
14864934;pfc328665;EIMI MISTIFY STRONG 500ML;EIMI;8005610640327;90;20
14864900;pfc328661;COLOR FRESH CREATE SUPER PETROL 60ML;Color Fresh;8005610603575;90;20
14864931;pfc328695;EIMI DYNAMIC FIX 300 ML;EIMI;8005610563152;90;20
14864891;pfc328621;FUSION MASK COND 500ML;Fusion;8005610415871;90;20
14864940;pfc328669;SEBASTIAN CURLY CONDICIONADOR 250ML;Sebastian;8005610426648;90;20
14864941;pfc328668;SEBASTIAN CURLY SHAMPOO 1000ML;Sebastian;8005610426587;90;20
14864928;pfc328689;EIMI NUTRI CURL SHAPE 150ML;EIMI;3614228800655;90;20
14864915;pfc328647;VOLUME BOOSTER 100ML;Volume;8005610645568;90;20
14864922;pfc328646;ENRICH NUTRI BOOSTER 100ML;Enrich;8005610645445;90;20
14864904;pfc328628;KIT NIOXIN SYS5 CON SH 300ML LE 100ML OP;Nioxin;8005610502076;90;20
14864902;pfc328626;KIT NIOXIN SYS3 CON SH 300ML LE 100ML OP;Nioxin;8005610501871;90;20
14864899;pfc328659;COLOR FRESH CREATE PURE VIOLET 60ML;Color Fresh;8005610603339;90;20
14864932;pfc328657;COLOR FRESH CREATE CR NUDIST PINK 60ML;Color Fresh;8005610603360;90;20
14864908;pfc328673;SEBASTIAN CURLY CREME 145ML;Sebastian;8005610429816;90;20
14864906;pfc328666;SEBASTIAN DARK OIL 30ML;Sebastian;8005610619248;90;20
14864924;pfc328683;WELLA NUTRICURLS CONDICIONADOR 200ML;Wella Nutricurls;3614227348868;90;20
14864938;pfc328670;SEBASTIAN CURLY CONDICIONADOR 1000ML;Sebastian;8005610426679;90;20
14864917;pfc328643;WP COOL BLOND SHAMPOO 1000ML;Wella Care Recharge;8005610642796;90;20
14864921;pfc328684;WELLA NUTRICURLS CONDICIONADOR 1000ML;Wella Nutricurls;3614227348844;90;20
14864897;pfc328658;COLOR FRESH CREATE HIGH MAGENTA 60ML;Color Fresh;8005610603391;90;20
14864926;pfc328685;WELLA NUTRICURLS CLEAN COND 250ML;Wella Nutricurls;3614227348882;90;20
14864901;pfc328660;COLOR FRESH CREATE NEW BLUE 60ML;Color Fresh;8005610603247;90;20
14864919;pfc328645;BRILLIANCE BOOSTER 100ML;Brilliance;8005610645322;90;20
14864935;pfc328663;COLOR FRESH CREATE NEVERSEEN GREEN 60ML;Color Fresh;8005610603278;90;20
14864914;pfc328641;WP PURE SHAMPOO 250ML;Balance;8005610642406;90;20
14864893;pfc328623;KIT NIOXIN SYS1 CON SH 300ML LE 100ML OP;Nioxin;8005610501673;90;20
14864913;pfc328674;SEBASTIAN CURLY MOUSSE 200ML;Sebastian;8005610429908;90;20
14864974;pfc328736;OPI NLS86 BUBBLE BATH 15ML;OPI;094100002125;90;20
14864987;pfc328748;OPI NLT88 SUZI-SAN CLIMBS FUJI-SAN 15ML;OPI;619828142689;90;20
14864956;pfc328718;OPI NLW42 LINCOLN PARK AFTER DARK 15ML;OPI;094100009384;90;20
14864978;pfc328742;OPI NLL64 CAJUN SHRIMP 15ML;OPI;094100000541;90;20
14864988;pfc328719;OPI NLH08 I´M NOT REALY WAITRESS 15ML;OPI;094100001548;90;20
14864980;pfc328701;OPI NLL87 MALAGA WINE 15ML;OPI;094100000589;90;20
14864957;pfc328687;WELLA NUTRICURLS MASK COND 30ML;Wella Nutricurls;3614227348967;90;20
14864990;pfc328715;OPI NLA15 DULCE DE LECHE 15ML;OPI;094100002521;90;20
14864942;pfc328667;SEBASTIAN CURLY SHAMPOO 250ML;Sebastian;8005610426556;90;20
14864947;pfc328706;OPI NLN25 BIG APPLE RED 15ML;OPI;094100001845;90;20
14864986;pfc328714;OPI NLA70 RED HOT RIO 15ML;OPI;094100006116;90;20
14864973;pfc328696;EIMI NATURAL VOL 300ML;EIMI;8005610532622;90;20
14864972;pfc328734;OPI NLL03 KYOTO PEARL 15ML;OPI;094100000404;90;20
14864989;pfc328717;OPI NLH02 CHICK FLICK CHERRY 15ML;OPI;094100001487;90;20
14864991;pfc328752;OPI NLN52 HUMIDI-TEA 15ML;OPI;094100009605;90;20
14864949;pfc328711;OPI NLV27 WORTH A PRETTY PENNE 15ML;OPI;094100001173;90;20
14864954;pfc328686;WELLA NUTRICURLS MASK COND 150ML;Wella Nutricurls;3614227348950;90;20
14864985;pfc328713;OPI NLT65 PUT IT IN NEUTRAL 15ML;OPI;094100005409;90;20
14864955;pfc328680;WELLA NUTRICURLS SHAMPOO 1000ML;Wella Nutricurls;3614228865661;90;20
14864963;pfc328725;OPI NLA60 DON´T BOSSA NOVA AROUND 15ML;OPI;094100000657;90;20
14864943;pfc328671;SEBASTIAN CURLY MASCARA 150ML;Sebastian;8005610426730;90;20
14864970;pfc328692;SEBASTIAN PENETRAITT COND 1000ML;Sebastian;3614228810487;90;20
14864962;pfc328724;OPI NLB85 OVER THE TAUPE 15ML;OPI;094100000381;90;20
14864964;pfc328697;OIL REFLECTIONS MASK COND 150ML;Helios;3614226771636;90;20
14864976;pfc328700;OPI NLP61 SAMOAN SAND 15ML;OPI;094100000619;90;20
14864944;pfc328703;OPI NLT02 BLACK ONIX 15ML;OPI;094100007045;90;20
14864979;pfc328739;OPI NLF52 BOGOTA BLACKBERRY 15ML;OPI;094100000350;90;20
14864950;pfc328709;OPI NLF16 TICKLE MY FRANCE-Y 15ML;OPI;094100004730;90;20
14864971;pfc328728;OPI NLB59 MY PRIVATE JET 15ML;OPI;094100005423;90;20
14864983;pfc328747;OPI NLT82 ARIGATO FROM TOKYO 15ML;OPI;619828142627;90;20
14864977;pfc328738;OPI NLT83 HURRYJUKU GET THIS COLOR! 15ML;OPI;619828142634;90;20
14864960;pfc328691;SEBASTIAN PENETRAITT SHAMPOO 1000ML;Sebastian;8005610592633;90;20
14864953;pfc328677;ILLUMINA 8/13 60ML;Illumina;8005610541709;90;20
14864948;pfc328708;OPI NLE41 BAREFOOT IN BARCELONA 15ML;OPI;094100002132;90;20
14864965;pfc328690;EIMI NUTRI BOOST BOUNCE 300ML;EIMI;3614228800792;90;20
14864959;pfc328726;OPI NLI54 THAT WHAT FRIEND ARE THOR 15ML;OPI;094100002613;90;20
14864951;pfc328707;OPI NLL00 ALPINE SNOW 15ML;OPI;094100000398;90;20
14864968;pfc328730;OPI NLS63 CHICAGO CHAMPAGNE TOAST 15ML;OPI;094100001012;90;20
14864967;pfc328694;SEBASTIAN HYDRE PRO TREATM 500ML;Sebastian;8005610594033;90;20
14864984;pfc328712;OPI NLS48 TUTTI FRUTTI TONGA 15ML;OPI;094100000947;90;20
14864946;pfc328704;OPI NLH19 PASSION 15ML;OPI;094100003740;90;20
14864961;pfc328723;OPI NLM27 COZU-MELTED IN THE SUN 15ML;OPI;094100007953;90;20
14864981;pfc328710;OPI NLC89 CHOCOLATE MOOSE 15ML;OPI;094100003931;90;20
14864969;pfc328731;OPI NLI63 REYKJAVI HAS ALL HOT SPOT 15ML;OPI;094100001074;90;20
14864966;pfc328693;SEBASTIAN PENETRAIT SHP 250ML;Sebastian;8005610594019;90;20
14864952;pfc328682;WELLA NUTRICURLS CONDICIONADOR 30ML;Wella Nutricurls;3614227348738;90;20
14864945;pfc328702;OPI NLH39 IT´S A GIRL! 15ML;OPI;094100003559;90;20
14864982;pfc328744;OPI NLT81 ANOTHER RAMEN-TIC EVENING 15ML;OPI;619828142610;90;20
14864958;pfc328722;OPI NLL16 LISBON WANTS MOOR OPI 15ML;OPI;094100005102;90;20
14865061;pfc328788;OPI NLI62 ONE HECKLA OF A COLOR! 15ML;OPI;094100004655;90;20
14865057;pfc328787;OPI NLT97 THIS SHADE IS BLOSSOM 15ML;OPI;619828142771;90;20
14865051;pfc328812;OPI NLU22 YOUVE GOT GLAS-GLOW 15ML;OPI;3614228129138;90;20
14865058;pfc328818;OPI ASE01 EXFOLIATING SUGAR 136GR;OPI;619828127525;90;20
14865067;pfc328830;SEBASTIAN HYDRE TREAT 150ML;Sebastian;8005610592688;90;20
14865086;pfc328811;OPI NLU23 EDINBURGH-ER & TATTIES 15ML;OPI;3614228128544;90;20
14865087;pfc328816;OPI NLU21 NICE SET OF PIPES 15ML;OPI;3614228129121;90;20
14865071;pfc328837;NIOXIN INSTANT FULLNESS 180ML NL;Nioxin;8005610352275;90;20
14865074;pfc328840;NIOX KIT SYS5 150+150+50 OPTIMO;Nioxin;3614226738059;90;20
14865081;pfc328805;OPI ASC50 CALLUS SMOOTHING BALM 118ML;OPI;619828127693;90;20
14865048;pfc328808;OPI NLU25 CLASH OF THE TARTANS 15ML;OPI;3614228130370;90;20
14865062;pfc328822;SP COLOR SAVE COND 200ML;System Professional;3614226768179;90;20
14865066;pfc328828;SEB PENETRAITT MASK COND 500ML;Sebastian;8005610593258;90;20
14865052;pfc328778;OPI NLA69 LIVE LOVE CARNAVAL 15ML;OPI;094100005348;90;20
14865076;pfc328836;WELLA PLEX KIT SMALL STEP 1+2;WellaPlex;8005610409917;90;20
14865078;pfc328838;WP OIL REFLECTION MASK COND 30ML;Helios;8005610531519;90;20
14865082;pfc328846;NIOX KIT SYS6 300+300+100 OPTIMO;Nioxin;3614227275386;90;20
14865089;pfc328814;OPI NLU13 RED HEADS AHEAD 15ML;OPI;3614228129046;90;20
14865083;pfc328847;SEBASTIAN CURL CREAM 145ML;Sebastian;3614226751645;90;20
14865085;pfc328813;OPI NLU12 LITLE GUILT UNDER KILT 15ML;OPI;3614228129039;90;20
14865090;pfc328824;SEBASTIAN HYDRE SHAMPOO 250ML;Sebastian;8005610593999;90;20
14865045;pfc328770;OPI NLB78 MIAMI BEET 15ML;OPI;094100008615;90;20
14865068;pfc328795;OPI NTT60 NAIL STRENGTHENER 15ML;OPI;094100000060;90;20
14865047;pfc328806;OPI ASA02 SOOTHING SOAK 204ML;OPI;619828127495;90;20
14865073;pfc328801;OPI NTT35 MATTE TOP COAT 15ML;OPI;094100002880;90;20
14865050;pfc328810;OPI NLU17 BOYS BE THISTLE-ING ME 15ML;OPI;3614228129084;90;20
14865091;pfc328848;WP ELEMENTS LEAVEIN COND SPRAY 150ML;Elements;8005610578613;90;20
14865088;pfc328819;OPI ASM01 MICROEXFOLIATING HAND 118ML;OPI;619828127563;90;20
14865042;pfc328773;OPI NLT90 KANPAI OPI! 15ML;OPI;619828142702;90;20
14865080;pfc328844;NIOX KIT SYS4 300+300+100 OPTIMO;Nioxin;3614227275362;90;20
14865060;pfc328821;KIT OPI DDS35 BRIDE MINIPACK 4 X 3,75ML;OPI;3614228114998;90;20
14865059;pfc328820;OPI NLU15 THINGS I'VE SEEN ABER 15ML;OPI;3614228129060;90;20
14865084;pfc328815;OPI NLU18 RUB-A-PUB-PUB 15ML;OPI;3614228129091;90;20
14865064;pfc328823;WP EIMI GLAM MIST SPRAY 200ML;Eimi;3614227276444;90;20
14865056;pfc328786;OPI NLT96 JUDONT SAY? 15ML;OPI;619828142764;90;20
14865049;pfc328807;OPI ASP21 PROTECTIVE HAND SERUM 112ML;OPI;619828127846;90;20
14865079;pfc328809;OPI NLU28 NAIL IT BY ROYAL MILE 15ML;OPI;3614228130400;90;20
14865069;pfc328794;OPI NTT10 NATURAL NAIL BASE COAT 15ML;OPI;094100000015;90;20
14865044;pfc328774;OPI NLL60 DUTCH TULIPS 15ML;OPI;094100000534;90;20
14865077;pfc328799;OPI NTT40 RIDGE FILLER 15ML;OPI;094100000046;90;20
14865070;pfc328793;OPI NTT30 TOP COAT 15ML;OPI;094100000039;90;20
14865054;pfc328784;OPI NLT93 ROBOTS ARE FOREVER 15ML;OPI;619828142733;90;20
14865055;pfc328783;OPI NLT92 JUST KARATE KIDDING YOU 15ML;OPI;619828142726;90;20
14865072;pfc328834;WP ELEMENTS RENEW SHAMPOO 1000ML;Elements;8005610486239;90;20
14865063;pfc328825;SEBASTIAN PENETRAITT COND 250ML;Sebastian;8005610593036;90;20
14865046;pfc328804;OPI ASP02 PROTECT NAIL-CUTICLE 118ML;OPI;619828127730;90;20
14865053;pfc328781;OPI NLT84 ALL YOUR DREAM VENDIN MACH15ML;OPI;619828142641;90;20
14865065;pfc328790;OPI NLL15 MADE I TO THE SEVENTH HILL15ML;OPI;094100007939;90;20
14865075;pfc328802;OPI AS203 NAIL & CUTICLE OIL 7,5ML;OPI;619828127792;90;20
14865100;pfc328860;WP OIL REFLECTIONS SHP 50 ML;Helios;8005610531724;90;20
14865120;pfc328850;NIOXIN SYS1 CONDICIONADOR 300ML OPTIMO;Nioxin;8005610498393;90;20
16708165;pfc460175;Color Motion Shampoo 1000ml;;3614226750716;90;20
14865103;pfc328829;SEBASTIAN PENETRAITT MASK 150ML;Sebastian;8005610592930;90;20
14865111;pfc328835;FUSION CONDICIONADOR 1000ML;Fusion;8005610415635;90;20
14865132;pfc328871;SEBASTIAN DARK OIL 95ML;Sebastian;8005610598635;90;20
14865116;pfc328878;SEBASTIAN DARK OIL SH 250ML;Sebastian;3614227345706;90;20
14865137;pfc328880;SEBASTIAN DARK OIL MASK COND 150ML;Sebastian;3614227345652;90;20
14865133;pfc328868;SEBASTIAN SHINE DEFINE 200ML;Sebastian;8005610578965;90;20
14865139;pfc328884;SEBASTIAN SHINE DEFINE 200ML NVF;System Professional;8005610578965;90;20
14865110;pfc328873;OIL REFLECTIONS 100ML;Helios;3614226404084;90;20
14865126;pfc328862;SEBASTIAN TRILLIANCE SHP 1000ML;Sebastian;8005610589916;90;20
14865092;pfc328817;KIT OPI DCU01 SCOTLAND MINIPACK 4X3,75ML;OPI;3614228408783;90;20
14865097;pfc328855;SEBASTIAN TRILLIANCE COND 250ML;Sebastian;8005610594514;90;20
14865104;pfc328839;NIOX KIT SYS1 150+150+50 OPTIMO;Nioxin;3614226738011;90;20
14865138;pfc328882;BP SEB PENETRAITT SH+MASC+DARK OIL 95ML;Sebastian;7896108560828;90;20
14865135;pfc328881;SEBASTIAN DARK OIL FRAGRANT MIS 200ML;Sebastian;3614228862592;90;20
14865101;pfc328857;SEBASTIAN POTION 9 50ML;Sebastian;8005610592985;90;20
14865117;pfc328842;NIOX SYS1 SCALP REVIT 1L OPTIMO;Nioxin;3614226737939;90;20
14865124;pfc328859;BRILLIANCE SHAMP COARSE 50ML;Brilliance;8005610634227;90;20
14865134;pfc328879;SEBASTIAN DARK OIL COND 250ML;Sebastian;3614227345690;90;20
14865119;pfc328845;NIOX KIT SYS5 300+300+100 OPTIMO;Nioxin;3614227275379;90;20
14865127;pfc328867;SEBASTIAN GEL FORTE 200ML;Sebastian;8005610590332;90;20
14865106;pfc328833;WP ELEMENTS SHAMPOO 250ML;Elements;8005610486116;90;20
14865131;pfc328874;NIOXIN DIABOOST 100ML;Nioxin;3614227295049;90;20
14865108;pfc328869;WELLASTRATE NEUTRALIZANTE ALISANTE 125G;Wellastrate;3614226771049;90;20
14865118;pfc328843;NIOX SYS4 SCALP REVIT 300ML OPTIMO;Nioxin;3614226738004;90;20
14865099;pfc328851;NIOX KIT SYS4 150+150+40 OPTIMO;Nioxin;3614226738042;90;20
14865129;pfc328865;SEBASTIAN CELLOPHANES ICE BLOND 300ML;Sebastian;8005610569499;90;20
14865102;pfc328832;EIMI PERFECT ME 100 ML;EIMI;8005610576305;90;20
14865130;pfc328870;WP OIL REFLECTIONS MASK 30 ML;Helios;8005610531519;90;20
14865125;pfc328864;SEBASTIAN TRILLIANCE SHP 250ML;Sebastian;8005610590455;90;20
14865122;pfc328856;WELLA NUTRICURLS CURLIXIR 150ML;Wella Nutricurls;3614228800723;90;20
14865095;pfc328854;OPI NLA68 LETS SAMBA 15ML;OPI;094100003375;90;20
14865098;pfc328858;OPI NLR30 PRIVACY PLEASE 15ML;OPI;094100007694;90;20
14865136;pfc328885;BP SP LUX OIL SH200+MSK150+OIL100;Sebastian;7896235353614;90;20
14865112;pfc328841;NIOX KIT SYS6 150+150+40 OPTIMO;Nioxin;3614226738073;90;20
14865115;pfc328877;SEBASTIAN DARK OIL MASK COND 500ML;Sebastian;3614226757777;90;20
14865093;pfc328852;NIOX KIT SYS1 300+300+100 OPTIMO;Nioxin;3614227275355;90;20
14865094;pfc328826;SEBASTIAN POTION9 STLY 150ML;Sebastian;8005610592787;90;20
14865109;pfc328866;SEBASTIAN CELLOPHANES CLEAR 300ML;Sebastian;8005610569376;90;20
14865096;pfc328853;OIL REFLECTIONS COND 30ML;Helios;8005610531366;90;20
14865123;pfc328863;SEBASTIAN TRILLIANCE COND 1000ML;Sebastian;8005610589824;90;20
14865113;pfc328876;SEBASTIAN DARK OIL COND 1000ML;Sebastian;3614226757753;90;20
14865121;pfc328849;ELEMENTS MASCARA COND 150ML;Elements;3614226771674;90;20
14865114;pfc328875;SEBASTIAN DARK OIL SH 1000ML;Sebastian;3614226757746;90;20
14865105;pfc328831;SEBASTIAN TAMING ELIXIR SERUM 140ML;Sebastian;8005610578910;90;20
14865107;pfc328827;SEBASTIAN HYDRE CONDITIONER 1000ML;Sebastian;8005610592886;90;20
14865128;pfc328861;SP LUXEOIL ELIXIR 100ML;System Professional;3614226764850;90;20
16708166;pfc460176;Color Motion Condicionador 1000ml;;3614228820097;90;20
16708171;pfc460181;Color Motion Tratamento PRE COLOR 185ml;;3614228295390;90;20
16708190;pfc460198;WEDO MOISTSHINE COND 900ML;;4064666033488;90;20
16708197;pfc460207;WEDO HAIRBODY MIST 100ML;;4064666033532;90;20
16708201;pfc460212;WEDO DETANGLING SPRAY 100ML;;4064666033624;90;20
16708189;pfc460197;WEDO MOISTSHINE SHAMPOO 900ML;;4064666033877;90;20
16708199;pfc460210;WEDO HAIR CREAM 100ML;;4064666033594;90;20
16708174;pfc460184;Leave-In de Protecao UV 150ml;;3614226743916;90;20
16708198;pfc460209;WEDO HAIRBODY OIL 100ML;;4064666033600;90;20
16708167;pfc460177;Color Motion Mascara 500ml;;3614226750723;90;20
16708200;pfc460211;WEDO OVERNIGHT TREATMENT 100ML;;4064666033617;90;20
16990153;pfc509750;Loreal Blond Studio 9 Tons Bonder Inside 500 Gr;Loreal;3474637105747;90;20
16708176;pfc460186;Sun Condicionador 200ml;;3614226745941;90;20
16990147;pfc509729;Shampoo Absolut Repair Gold Quinoa Serie Expert LOreal Professionnel 1500ml;Loreal;7899706174824;90;20
16721956;pfc328129;BL FREELIGHTS DVLPER 6% 1L EMEA;Wella;4084500189591;90;20
16990151;pfc509747;PO Descolorante Brae Wanna Be Blond 500 g;Brae;7898667820061;90;20
16708168;pfc460178;Color Motion Shampoo 250ml;;3614226750785;90;20
16722327;pfc328127;BL FREELIGHTS DVLPER 12% 1L EMEA;COTY;4084500190078;90;20
16708194;pfc460203;WEDO RICHREPAIR SHAMPOO 900ML;;4064666033945;90;20
16990143;pfc509725;Shampoo Absolut Repair Gold Quinoa Serie Expert LOreal Professionnel 300ml;Loreal;7899706189606;90;20
16708177;pfc460187;BLONDOR PLEX N1 800G;;3614229710182;90;20
16708170;pfc460180;Color Motion Mascara 150ml;;3614226750815;90;20
16990154;pfc509752;Truss Uso ObrigatOrio - Tratamento Reconstrutor 260ml;Truss;7898947942056;90;20
16708183;pfc460191;WEDO LIGHTSOFT SHAMPOO 300ML;;4064666033891;90;20
16708181;pfc460202;WEDO RICHREPAIR MASK 150ML;;4064666033921;90;20
16708187;pfc460195;WEDO MOISTSHINE COND 250ML;;4064666033556;90;20
16990145;pfc509727;Mascara Capilar Absolut Repair Gold Quinoa Serie Expert LOreal Professionnel 250ml;Loreal;7899706189668;90;20
16990148;pfc509730;Condicionador Absolut Repair Gold Quinoa Serie Expert LOreal Professionnel 1500ml;Loreal;7899706174862;90;20
16708188;pfc460196;WEDO MOISTSHINE MASK 150ML;;4064666033914;90;20
16708175;pfc460185;Sun Hair Body Shampoo 250ml;;3614226745880;90;20
16708184;pfc460192;WEDO LIGHTSOFT COND 250ML;;4064666033587;90;20
16708195;pfc460204;WEDO RICHREPAIR COND 900ML;;4064666033570;90;20
16708202;pfc460205;WEDO RICHREPAIR MASK 400ML;;4064666033952;90;20
16708193;pfc460201;WEDO RICHREPAIR COND 250ML;;4064666033853;90;20
16708186;pfc460194;WEDO MOISTSHINE SHAMPOO 300ML;;4064666033860;90;20
16708180;pfc460190;MARULA OIL BLEND;;4064666035376;90;20
16708173;pfc460183;NIOXIN ANTI-HAIRLOSS TREAT 70ML;;3614229720594;90;20
16990149;pfc509731;Mascara Capilar Absolut Repair Gold Quinoa Serie Expert LOreal Professionnel 500ml;Loreal;7899706174923;90;20
16708192;pfc460200;WEDO RICHREPAIR SHAMPOO 300ML;;4064666033976;90;20
16990146;pfc509728;Oleo Reparador 10in1 Absolut Repair Gold Quinoa Serie Expert LOreal Professionnel 90 ml;Loreal;3474636977369;90;20
16990152;pfc509733;Lait Vital Nutritive Irisome Kerastase - Condicionador 200ml;KERASTASE;3474636382699;90;20
16708169;pfc460179;Color Motion Condicionador 200ml;;3614226750648;90;20
16708185;pfc460193;WEDO LIGHTSOFT MASK 150ML;;4064666033969;90;20
16990144;pfc509726;Condicionador Absolut Repair Gold Quinoa Serie Expert LOreal Professionnel 200ml;Loreal;7899706189644;90;20
16708172;pfc460182;Wella Plex Big Step 1 2;;4064666047287;90;20
16990150;pfc509745;Inoa 7 60g;Loreal;3474630415546;90;20
16708179;pfc460189;SEBASTIAN NO BREAKER LEAVEIN 100ml;;3616302072422;90;20
16708196;pfc460206;WEDO SHAMPOO BAR 80G;;4064666033518;90;20
16708178;pfc460188;BLONDOR PLEX Mascara N2 500ML;;3614227279872;90;20
16708191;pfc460199;WEDO MOISTSHINE MASK 400ML;;4064666033907;90;20
16990155;pfc509746;Schwarzkopf Blond Me Premium 9+ PO Descolorante 450g;Schwarzkopf;4045787251661;90;20
16990160;pfc509749;Loreal PO Descolorante Blond Studio 8 Profissional 500g;Loreal;7893692911852;90;20
16990167;pfc509742;Thermique Regenerant Chronologiste Kerastase - Leave-In 150ml;KERASTASE;3474636874033;90;20
16990168;pfc509738;Masquintense Nutritive Irisome Kerastase - Mascara Capilar 200ml;KERASTASE;7896014175932;90;20
16990156;pfc509734;Bain Magistral Nutritive Magistral Kerastase - Shampoo 250ml;KERASTASE;7899706135641;90;20
16990158;pfc509751;Tinta Keune So Pure 6 Louro Escuro 60ml;Keune;8718375525128;90;20
16990169;pfc509740;Bain Regenerant Chronologiste Kerastase - Shampoo 250ml;KERASTASE;3474636728268;90;20
16990159;pfc509748;Descolorante Loreal Professionnel Paris Blond Studio 9 Níveis Em PO (500 G);Loreal;3474636721702;90;20
16990170;pfc509744;Majirel 7 50g;Loreal;7896014168774;90;20
16990162;pfc509739;LHuile Originale Elixir Ultime Kerastase - Oleo Capilar 100ml;KERASTASE;3474636613908;90;20
16990163;pfc509736;Creme Magistrale Nutritive Magistral Kerastase - Mascara Capilar 150ml;KERASTASE;7899706139519;90;20
16990166;pfc509743;Maque Intense Regenerant Chronologiste Kerastase 200ml;KERASTASE;3474636728299;90;20
16990161;pfc509735;Fondant Magistral Nutritive Magistral Kerastase - Condicionador 200ml;KERASTASE;3474636382446;90;20
16990165;pfc509737;Serum 8H Magic Night Nutritive Kerastase 90ml;KERASTASE;3474636721832;90;20
16990157;pfc509732;Bain Satin 2 Nutritive Irisome Kerastase - Shampoo 250ml;KERASTASE;7899706139458;90;20
16990164;pfc509741;Huile de Parfum Chronologiste Kerastase - Oleo Capilar 100ml;KERASTASE;3474636728336;90;20
